student_id,midterm_score,final_score,attendance_days
STU_0009,-0.5114563142696055,1.0147588911104932,0.9176523326029232
STU_0010,0.555605872676625,-0.6014679333943116,-0.8390984364267982
STU_0011,-0.5008913421216221,1.2820089959498697,0.9176523326029232
STU_0012,-0.5114563142696055,-0.016062941841390992,0.9176523326029232
STU_0013,0.23865670823715088,2.0583069195309167,-0.25351484675022434
STU_0014,-2.0328123035790813,-0.7541822790168132,-0.25351484675022434
STU_0015,-1.8320778327674143,1.7146996418802904,1.5032359222794969
STU_0016,-0.6065410636014468,0.14937759924965163,-0.8390984364267982
STU_0017,-1.0819648102606587,-0.7160036926111882,-1.424682026103372
STU_0018,0.312611513273027,-0.5505631515201456,-0.8390984364267982
STU_0019,-0.9763150887808341,-0.3851226104291012,-0.8390984364267982
STU_0020,-1.5045636961799576,0.3784491176834049,0.3320687429263494
STU_0021,1.5381482824389945,0.48025868143173867,1.5032359222794969
STU_0022,-0.2578969827180255,-0.6396465197999366,0.3320687429263494
STU_0023,0.059052181721448584,-0.07969391918409983,-0.8390984364267982
STU_0024,-1.5151286683279401,2.1219378968736256,-0.8390984364267982
STU_0025,-0.5854111193054831,1.7019734464117477,-0.8390984364267982
STU_0026,0.10131207031337756,0.3911753131519459,0.9176523326029232
STU_0027,-1.2298744203324132,-0.016062941841390992,0.3320687429263494
STU_0028,0.3865663183089046,0.07302042643840174,-0.8390984364267982
STU_0029,-0.6488009521933773,0.5693420497115315,-0.25351484675022434
STU_0030,-0.32128681560592126,-1.0977895566674414,1.5032359222794969
STU_0031,-0.6488009521933773,-0.32149163308639234,1.5032359222794969
STU_0032,1.9396172240623282,-1.7468255255630707,-0.25351484675022434
STU_0033,-0.025467595462410886,-0.016062941841390992,1.5032359222794969
STU_0034,-1.1347896710005712,0.6075206361171563,0.9176523326029232
STU_0035,0.8514250928201339,-0.5505631515201456,0.9176523326029232
STU_0036,-1.3038292253682908,1.5492591007892462,-1.424682026103372
STU_0037,0.20696179179320226,-1.3014086841641088,-1.424682026103372
STU_0038,-2.0856371643189933,-1.5432063980664033,-1.424682026103372
STU_0039,-1.4200439189960974,0.17482999018673553,1.5032359222794969
STU_0040,0.1963968196452204,1.0147588911104932,0.9176523326029232
STU_0041,0.7669053156362744,-0.016062941841390992,0.9176523326029232
STU_0042,0.1647019032012733,-0.5251107605830617,0.9176523326029232
STU_0043,-0.14168228909021896,1.0402112820475753,-0.25351484675022434
STU_0044,-0.3318517877539031,-0.09242011465264088,0.9176523326029232
STU_0045,-1.5785185012158345,-0.2324082648066014,-0.25351484675022434
STU_0046,-0.7755806179691672,0.8493183500194489,-1.424682026103372
STU_0047,-0.5008913421216221,0.6075206361171563,-1.424682026103372
STU_0048,1.1049844243717122,-1.657742157283279,1.5032359222794969
STU_0049,0.3443064297169756,1.4474495370409124,-1.424682026103372
STU_0050,-1.874337721359344,1.3456399732925786,1.5032359222794969
STU_0051,0.32317648542101035,-0.6905513016741044,-0.8390984364267982
STU_0052,-0.42693653708574597,0.352996726746321,-0.8390984364267982
STU_0053,-0.7333207293772367,0.45480629049465476,0.3320687429263494
STU_0054,0.6295606777125011,0.21300857659236047,1.5032359222794969
STU_0055,1.0732895079277651,-0.6141941288628544,0.3320687429263494
STU_0056,0.9676397864479405,-0.7414560835482722,0.3320687429263494
STU_0057,-0.9023602837449564,-0.07969391918409983,-0.8390984364267982
STU_0058,-0.342416759901885,1.142020845795911,1.5032359222794969
STU_0059,0.3337414575689922,0.49298487690027976,-0.8390984364267982
STU_0060,1.020464647187853,-0.436027392303269,0.3320687429263494
STU_0061,-0.5220212864175873,0.734782590802574,1.5032359222794969
STU_0062,-0.21563709412609655,-2.9558140950745386,0.3320687429263494
STU_0063,-1.1876145317404834,1.116568454858827,0.9176523326029232
STU_0064,-1.2826992810723254,-1.8231826983743216,1.5032359222794969
STU_0065,0.8408601206721505,-0.42330119683472794,1.5032359222794969
STU_0066,1.4219335888111864,-1.199599120415775,0.3320687429263494
STU_0067,-0.0888574283503066,-1.3777658569753606,0.9176523326029232
STU_0068,1.041594591483818,1.1292946503273682,-0.25351484675022434
STU_0069,0.3654363740129393,-0.5251107605830617,-0.8390984364267982
STU_0070,-0.7016258129332896,0.3020919448721532,0.3320687429263494
STU_0071,0.3654363740129393,-0.10514631012118374,1.5032359222794969
STU_0072,1.612103087474872,0.4293538995575709,-0.8390984364267982
STU_0073,-0.0571625119063595,0.022115644564233948,-0.8390984364267982
STU_0074,1.633233031770836,-1.3650396615068177,-0.8390984364267982
STU_0076,0.8514250928201339,-0.5632893469886867,-1.424682026103372
STU_0077,0.08018212601741383,-1.6450159618147369,0.3320687429263494
STU_0078,-0.3318517877539031,-0.4869321741774368,-1.424682026103372
STU_0079,0.08018212601741383,1.4729019279779962,-1.424682026103372
STU_0080,-2.1173320807629405,-0.016062941841390992,-1.424682026103372
STU_0081,-0.24733201057004367,-0.4105750013661851,-0.8390984364267982
STU_0082,0.3654363740129393,-0.4105750013661851,0.9176523326029232
STU_0083,1.5487132545869764,-0.3851226104291012,-0.8390984364267982
STU_0084,-0.5642811750095178,2.0583069195309167,-0.8390984364267982
STU_0085,-0.8706653673010093,-0.016062941841390992,1.5032359222794969
STU_0086,-0.5431512307135525,0.3784491176834049,1.5032359222794969
STU_0087,0.9570748142999586,0.9893065001734094,-1.424682026103372
STU_0088,0.3337414575689922,0.18755618565527837,-0.8390984364267982
STU_0089,-0.5748461471574997,-0.32149163308639234,-1.424682026103372
STU_0090,0.5239109562326764,-0.2578606557436835,1.5032359222794969
STU_0091,0.0907470981653957,-0.13059870105826582,0.9176523326029232
STU_0092,1.009899675039871,-0.09242011465264088,0.3320687429263494
STU_0093,-0.754450673673202,0.6838778089284062,-1.424682026103372
STU_0094,-0.36354670419785023,-0.0033367463728481398,0.9176523326029232
STU_0095,-0.42693653708574597,0.6966040043969491,0.3320687429263494
STU_0096,-1.55738855691987,-0.13059870105826582,-0.25351484675022434
STU_0097,0.3020465411250451,0.022115644564233948,-1.424682026103372
STU_0098,0.2597866525331146,-2.090432803213699,-1.424682026103372
STU_0099,-0.004337651166447146,0.8747707409565327,-0.25351484675022434
STU_0100,-0.2578969827180255,0.3020919448721532,-0.25351484675022434
STU_0101,-1.5151286683279401,0.9638541092363255,-1.424682026103372
STU_0102,-0.4586314535296931,-3.0067188769487063,-0.25351484675022434
STU_0103,-0.37411167634583364,2.0710331149994596,-0.8390984364267982
STU_0104,-0.8601003951530267,-0.19422967840097466,0.3320687429263494
STU_0105,-0.18394217768214796,1.078389868453202,0.3320687429263494
STU_0106,0.4076962626048698,-1.1105157521359823,0.3320687429263494
STU_0107,1.9818771126542585,0.5693420497115315,-0.8390984364267982
STU_0108,0.1647019032012733,-1.1232419476045252,-0.25351484675022434
STU_0109,0.2597866525331146,-0.6905513016741044,0.9176523326029232
STU_0110,-0.0888574283503066,1.8928663784398743,-0.25351484675022434
STU_0111,-2.043377275727064,-0.24513446027514246,-1.424682026103372
STU_0112,-0.046597539758376126,0.16210379471819447,1.5032359222794969
STU_0113,0.04848720957346521,0.8365921545509079,0.3320687429263494
STU_0114,2.584080525089258,0.45480629049465476,-0.25351484675022434
STU_0115,-0.21563709412609655,0.09847281737548565,0.9176523326029232
STU_0116,0.3020465411250451,0.31481814034069605,-1.424682026103372
STU_0117,-0.046597539758376126,2.389188001713004,-0.8390984364267982
STU_0118,-1.2510043646283784,-0.11787250558972477,-0.8390984364267982
STU_0119,1.1895042015555732,0.14937759924965163,0.9176523326029232
STU_0120,0.7774702877842563,1.0147588911104932,-1.424682026103372
STU_0121,0.8197301763761867,1.0656636729846594,0.3320687429263494
STU_0122,-0.9763150887808341,1.154747041264452,-0.25351484675022434
STU_0123,1.464193477403117,0.5947944406486135,-1.424682026103372
STU_0124,-1.493998724031975,-1.2123253158843161,-0.8390984364267982
STU_0125,0.6084307334165374,1.612890078131955,0.9176523326029232
STU_0126,2.298826277093733,-0.016062941841390992,0.9176523326029232
STU_0127,-1.0608348659646936,0.2511871629979872,-0.25351484675022434
STU_0128,-0.6171060357494301,-0.8178132563595221,0.9176523326029232
STU_0129,0.0907470981653957,-0.11787250558972477,0.9176523326029232
STU_0130,-0.5431512307135525,0.27663955393506934,-1.424682026103372
STU_0131,-1.652473306251712,0.27663955393506934,0.3320687429263494
STU_0132,0.059052181721448584,0.3784491176834049,-0.25351484675022434
STU_0133,-1.1347896710005712,1.5874376871948728,-1.424682026103372
STU_0134,0.4816510676407474,0.403901508620487,0.3320687429263494
STU_0135,-0.9868800609288166,-0.3087654376178513,-1.424682026103372
STU_0136,1.622668059622854,0.9256755228307005,1.5032359222794969
STU_0137,-0.8389704508570615,1.154747041264452,-1.424682026103372
STU_0138,-0.3529817320498684,-1.3014086841641088,0.9176523326029232
STU_0139,0.8408601206721505,0.5566158542429885,0.3320687429263494
STU_0140,-1.3143941975162727,0.6584254179913224,-0.25351484675022434
STU_0141,0.22809173608916752,-0.3596702194920191,-0.25351484675022434
STU_0142,1.3691087280712742,1.3456399732925786,0.3320687429263494
STU_0143,-1.7158631391396069,-0.20695587386951753,0.9176523326029232
STU_0144,0.17526687534925517,0.07302042643840174,-0.8390984364267982
STU_0145,0.2597866525331146,-0.2324082648066014,-1.424682026103372
STU_0146,0.8091652042282034,-0.04151533277847489,0.9176523326029232
STU_0147,-1.3249591696642553,-1.1741467294786911,1.5032359222794969
STU_0148,-1.4094789468481155,-1.5177540071293192,0.3320687429263494
STU_0149,0.5344759283806597,1.57471149172633,-1.424682026103372
STU_0150,0.3020465411250451,-0.9196228201078558,-0.25351484675022434
STU_0151,0.24922168038513276,-1.0596109702618164,-0.8390984364267982
STU_0152,0.35487140186495747,-2.2431471488362003,1.5032359222794969
STU_0153,-0.7333207293772367,-0.016062941841390992,-0.25351484675022434
STU_0154,0.22809173608916752,-1.4032182479124427,0.3320687429263494
STU_0155,0.29148156897706323,1.612890078131955,-1.424682026103372
STU_0156,-0.7650156458211846,0.9765803047048666,0.3320687429263494
STU_0157,1.9607471683582933,-0.7541822790168132,-1.424682026103372
STU_0158,0.4816510676407474,2.2364736560905025,0.9176523326029232
STU_0159,-1.2721343089243429,-0.016062941841390992,-0.8390984364267982
STU_0160,0.6823855384524135,-0.3851226104291012,0.9176523326029232
STU_0161,-1.039704921668729,-2.5994806219553697,0.9176523326029232
STU_0162,0.8197301763761867,2.2746522424961273,0.3320687429263494
STU_0163,1.210634145851537,-1.4668492252551524,-0.8390984364267982
STU_0164,-0.8812303394489919,-1.7340993300945298,-1.424682026103372
STU_0165,0.9993347028918875,-0.016062941841390992,-1.424682026103372
STU_0166,0.4182612347528517,2.427366588118629,1.5032359222794969
STU_0167,0.8514250928201339,1.3583661687611197,-0.25351484675022434
STU_0168,1.9924420848022404,0.5184372678373637,1.5032359222794969
STU_0169,-0.2790269270139908,0.5566158542429885,1.5032359222794969
STU_0170,-0.8072755344131143,0.8111397636138239,-1.424682026103372
STU_0171,-0.9551851444848688,0.7220563953340312,0.3320687429263494
STU_0172,-0.8812303394489919,-0.016062941841390992,0.9176523326029232
STU_0173,-0.09942240049828849,0.04756803550131785,0.9176523326029232
STU_0174,0.3443064297169756,-0.11787250558972477,0.9176523326029232
STU_0175,0.2809165968290799,-0.8178132563595221,-0.8390984364267982
STU_0176,0.8619900649681158,-0.3342178285549352,-1.424682026103372
STU_0177,-0.004337651166447146,-1.7722779165001545,0.3320687429263494
STU_0178,1.5170183381430293,-0.15605109199534972,-0.8390984364267982
STU_0179,-0.28959189916197264,-1.0596109702618164,-0.25351484675022434
STU_0181,0.6506906220084664,0.12392520831256953,1.5032359222794969
STU_0182,-0.9234902280409216,1.3583661687611197,0.3320687429263494
STU_0183,-1.1453546431485537,0.8747707409565327,0.3320687429263494
STU_0184,0.4922160397887293,-1.657742157283279,0.9176523326029232
STU_0185,-0.24733201057004367,-1.0596109702618164,0.3320687429263494
STU_0186,0.7352103991923258,0.9002231318936167,1.5032359222794969
STU_0187,0.4816510676407474,-1.0596109702618164,1.5032359222794969
STU_0188,-0.0888574283503066,-0.2833130466807674,-1.424682026103372
STU_0189,-0.912925255892939,0.5057110723688226,0.3320687429263494
STU_0190,-1.6102134176597822,-1.0341585793247325,0.9176523326029232
STU_0191,-0.4903263699736402,0.04756803550131785,0.3320687429263494
STU_0192,0.8936849814120629,-1.4159444433809856,-0.25351484675022434
STU_0193,0.20696179179320226,-0.6650989107370204,-0.25351484675022434
STU_0194,-1.3355241418122379,0.27663955393506934,0.9176523326029232
STU_0195,0.1647019032012733,-1.670468352751821,-1.424682026103372
STU_0196,0.39713129045688794,0.3911753131519459,-1.424682026103372
STU_0197,-0.9446201723368861,-0.016062941841390992,1.5032359222794969
STU_0198,0.14357195890530805,-0.016062941841390992,1.5032359222794969
STU_0199,0.04848720957346521,0.17482999018673553,-0.8390984364267982
STU_0200,-1.2193094481844304,1.3329137778240374,0.9176523326029232
STU_0201,0.3654363740129393,0.07302042643840174,0.3320687429263494
STU_0202,0.5767358169725888,-0.4869321741774368,0.9176523326029232
STU_0203,1.1261143686676776,-0.016062941841390992,-0.8390984364267982
STU_0204,1.0944194522237305,0.49298487690027976,1.5032359222794969
STU_0205,-1.4728687797360096,-0.0033367463728481398,0.9176523326029232
STU_0206,-1.0080100052247811,-0.016062941841390992,0.9176523326029232
STU_0207,0.5344759283806597,-0.7669084744853543,1.5032359222794969
STU_0208,0.5239109562326764,-0.7287298880797293,-0.8390984364267982
STU_0209,0.5344759283806597,-0.016062941841390992,1.5032359222794969
STU_0211,0.5873007891205722,-1.3268610751011927,0.3320687429263494
STU_0212,1.1895042015555732,-0.7541822790168132,1.5032359222794969
STU_0213,0.9887697307439057,-0.7796346699538971,-0.8390984364267982
STU_0214,0.6718205663044315,0.8620445454879917,-0.25351484675022434
STU_0215,-0.3529817320498684,-0.3596702194920191,-1.424682026103372
STU_0216,0.7880352599322382,1.2183780186071609,-0.25351484675022434
STU_0217,-0.8284054787090795,-0.7414560835482722,1.5032359222794969
STU_0218,-0.26846195486600893,0.22573477206090334,-1.424682026103372
STU_0219,-0.5325862585655707,-0.9068966246393148,0.3320687429263494
STU_0220,0.06961715386943045,2.1346640923421685,1.5032359222794969
STU_0221,2.425605942869521,-1.2632300977584838,0.3320687429263494
STU_0222,-1.9905524149871514,0.26391335846652825,0.9176523326029232
STU_0223,0.7140804548963621,0.5947944406486135,-0.25351484675022434
STU_0224,-1.7158631391396069,0.3657229222148621,-1.424682026103372
STU_0225,-0.5114563142696055,-0.24513446027514246,0.3320687429263494
STU_0226,1.1366793408156608,-0.18150348293243362,-0.8390984364267982
STU_0227,0.04848720957346521,-0.0033367463728481398,0.3320687429263494
STU_0228,-1.1559196152965356,-0.20695587386951753,-0.8390984364267982
STU_0229,-0.7755806179691672,0.9256755228307005,1.5032359222794969
STU_0230,0.7035154827483787,2.1982950696848773,-1.424682026103372
STU_0231,-0.7861455901171491,-0.6269203243313956,0.3320687429263494
STU_0232,0.21752676394118564,-1.4541230297866103,0.3320687429263494
STU_0233,0.03792223742548334,-0.1433248965268087,-1.424682026103372
STU_0234,-0.7016258129332896,2.5673547382725874,0.3320687429263494
STU_0235,2.2460014163538204,-0.8687180382336899,-0.8390984364267982
STU_0236,0.6506906220084664,1.612890078131955,0.3320687429263494
STU_0237,-2.1595919693548704,1.6510686645375816,-0.25351484675022434
STU_0238,0.18583184749723852,-0.6141941288628544,1.5032359222794969
STU_0239,-0.7121907850812722,0.5311634633059047,0.9176523326029232
STU_0240,0.883120009264081,-0.016062941841390992,-0.8390984364267982
STU_0241,-0.849535423005044,-0.436027392303269,-0.25351484675022434
STU_0242,-0.1311173169422356,-0.2578606557436835,1.5032359222794969
STU_0243,0.5133459840846946,-0.6523727152684794,-1.424682026103372
STU_0244,0.9042499535600462,-1.0850633611988985,-0.8390984364267982
STU_0245,-1.2826992810723254,-0.7160036926111882,0.9176523326029232
STU_0246,-0.36354670419785023,-1.3014086841641088,1.5032359222794969
STU_0247,-0.5114563142696055,-0.016062941841390992,0.9176523326029232
STU_0248,-0.7016258129332896,-0.016062941841390992,-1.424682026103372
STU_0249,1.8550974468784687,0.18755618565527837,-1.424682026103372
STU_0250,0.4076962626048698,-1.632289766346195,-0.8390984364267982
STU_0251,-1.3460891139602205,0.27663955393506934,0.3320687429263494
STU_0252,0.9570748142999586,0.7984135681452829,-1.424682026103372
STU_0253,2.2248714720578553,-2.077706607745157,1.5032359222794969
STU_0254,1.0732895079277651,0.3275443358092371,0.3320687429263494
STU_0255,-1.6207783898077648,1.192925627670077,-0.25351484675022434
STU_0256,-0.5220212864175873,-1.288682488695568,0.9176523326029232
STU_0257,1.3268488394793452,1.6510686645375816,0.3320687429263494
STU_0258,-0.7650156458211846,0.3784491176834049,0.9176523326029232
STU_0259,0.4499561511968003,-0.7669084744853543,0.3320687429263494
STU_0260,0.7986002320802216,-0.10514631012118374,-0.25351484675022434
STU_0261,-0.9974450330767985,0.5184372678373637,-1.424682026103372
STU_0262,-0.07829245620232324,0.022115644564233948,-0.25351484675022434
STU_0264,-1.0925297824086413,-0.9959799929191075,-1.424682026103372
STU_0265,-0.2790269270139908,0.12392520831256953,0.9176523326029232
STU_0266,-1.3355241418122379,-1.4923016161922353,1.5032359222794969
STU_0267,1.7071878368067135,-0.16877728746389256,-0.25351484675022434
STU_0268,-1.525693640475922,-0.9705276019820236,0.3320687429263494
STU_0269,-0.47976139782565835,-0.805087060890981,-0.25351484675022434
STU_0270,0.1224420146093428,1.2056518231386197,0.9176523326029232
STU_0271,1.5064533659950474,1.0529374775161182,-1.424682026103372
STU_0272,-1.5362586126239046,0.5693420497115315,0.9176523326029232
STU_0273,1.210634145851537,-1.1614205340101502,-0.8390984364267982
STU_0274,-0.004337651166447146,-0.37239641496056014,-0.8390984364267982
STU_0275,-1.0502698938167108,1.180199432201536,0.3320687429263494
STU_0276,0.47108609549276403,0.0857466219069428,0.9176523326029232
STU_0277,0.1963968196452204,2.312830828901752,0.3320687429263494
STU_0278,-0.6488009521933773,0.3402705312777782,0.3320687429263494
STU_0279,0.059052181721448584,0.1366514037811106,-0.8390984364267982
STU_0280,-0.42693653708574597,-0.37239641496056014,0.3320687429263494
STU_0281,0.10131207031337756,0.0857466219069428,-0.8390984364267982
STU_0282,0.6823855384524135,-0.20695587386951753,-1.424682026103372
STU_0283,1.6649279482147845,0.6711516134598652,0.9176523326029232
STU_0284,-1.3249591696642553,0.9256755228307005,0.3320687429263494
STU_0285,2.235436444205837,-0.855991842765147,-0.8390984364267982
STU_0286,-2.0750721921710107,-1.4032182479124427,-0.25351484675022434
STU_0287,-0.17337720553416608,-1.9249922621226563,0.3320687429263494
STU_0288,0.6084307334165374,0.46753248596319585,1.5032359222794969
STU_0289,0.2809165968290799,-1.1741467294786911,-1.424682026103372
STU_0290,-0.6699308964893425,-2.2431471488362003,-1.424682026103372
STU_0291,-0.2367670384220603,0.3402705312777782,-0.25351484675022434
STU_0292,-0.5325862585655707,2.4782713699927967,-0.8390984364267982
STU_0293,-0.6382359800453954,-0.05424152824701593,0.3320687429263494
STU_0294,0.883120009264081,0.7984135681452829,-0.8390984364267982
STU_0295,0.3654363740129393,0.0348418400327768,-1.424682026103372
STU_0296,-0.7438857015252194,-0.15605109199534972,-0.8390984364267982
STU_0297,0.9359448700039934,0.8874969364250757,-1.424682026103372
STU_0298,0.312611513273027,-0.34694402402347624,-0.8390984364267982
STU_0299,0.8408601206721505,0.21300857659236047,-0.25351484675022434
STU_0300,0.6506906220084664,0.27663955393506934,0.9176523326029232
STU_0301,-0.8917953115969738,-0.7287298880797293,-0.25351484675022434
STU_0302,-0.6065410636014468,0.9511279137677845,-0.25351484675022434
STU_0303,0.7774702877842563,-0.2324082648066014,0.9176523326029232
STU_0304,0.6295606777125011,-0.8178132563595221,0.9176523326029232
STU_0305,-0.03603256761039426,0.49298487690027976,0.3320687429263494
STU_0306,0.11187704246136093,-0.9705276019820236,0.3320687429263494
STU_0307,1.3374138116273269,-0.016062941841390992,-0.25351484675022434
STU_0308,-0.6382359800453954,-0.06696772371555698,-0.25351484675022434
STU_0309,0.5661708448246069,1.0529374775161182,-1.424682026103372
STU_0310,-0.22620206627407843,0.4293538995575709,-1.424682026103372
STU_0311,-0.24733201057004367,-0.07969391918409983,0.3320687429263494
STU_0312,1.1472443129636427,0.772961177208199,1.5032359222794969
STU_0313,0.8619900649681158,1.3583661687611197,1.5032359222794969
STU_0314,0.8408601206721505,0.5184372678373637,0.3320687429263494
STU_0315,1.3691087280712742,-0.04151533277847489,-1.424682026103372
STU_0316,0.006227320981536226,-1.3904920524439015,-1.424682026103372
STU_0317,0.7035154827483787,-1.1359681430730661,1.5032359222794969
STU_0318,-0.342416759901885,-0.3596702194920191,-0.8390984364267982
STU_0319,0.32317648542101035,-0.6778251062055632,-0.8390984364267982
STU_0320,-0.15224726123820084,-0.016062941841390992,-1.424682026103372
STU_0321,0.0907470981653957,0.009389449095692904,-0.8390984364267982
STU_0322,0.6189957055645192,-0.016062941841390992,0.9176523326029232
STU_0323,-0.8812303394489919,-0.13059870105826582,0.3320687429263494
STU_0324,2.193176555613908,0.44208009502611373,0.3320687429263494
STU_0325,-1.0819648102606587,0.009389449095692904,-1.424682026103372
STU_0326,-1.293264253220308,-2.064980412276615,-0.25351484675022434
STU_0327,1.210634145851537,-1.0087061883876485,1.5032359222794969
STU_0328,0.8197301763761867,-0.20695587386951753,-1.424682026103372
STU_0329,0.6401256498604845,-1.288682488695568,-0.8390984364267982
STU_0330,0.6506906220084664,0.5566158542429885,1.5032359222794969
STU_0331,-0.025467595462410886,1.49835431891508,-0.25351484675022434
STU_0332,-0.9657501166328514,1.192925627670077,-0.8390984364267982
STU_0333,0.06961715386943045,-0.27058685121222636,0.9176523326029232
STU_0334,-0.7333207293772367,1.460175732509455,-0.8390984364267982
STU_0335,1.020464647187853,0.09847281737548565,0.9176523326029232
STU_0336,-0.17337720553416608,-0.39784880589764404,1.5032359222794969
STU_0337,-0.8917953115969738,-0.6778251062055632,0.9176523326029232
STU_0338,-0.3529817320498684,-0.3596702194920191,1.5032359222794969
STU_0339,0.4182612347528517,-0.44875358777181,1.5032359222794969
STU_0340,-0.6065410636014468,0.12392520831256953,1.5032359222794969
STU_0341,-0.8812303394489919,0.11119901284402668,1.5032359222794969
STU_0342,0.23865670823715088,-0.05424152824701593,1.5032359222794969
STU_0343,0.23865670823715088,0.3911753131519459,-0.8390984364267982
STU_0344,-0.5537162028615344,1.154747041264452,1.5032359222794969
STU_0345,-0.5114563142696055,0.9129493273621577,-0.8390984364267982
STU_0346,0.22809173608916752,-1.5686587890034862,1.5032359222794969
STU_0347,-1.5468235847718872,-2.6503854038295365,0.9176523326029232
STU_0348,-1.5045636961799576,0.9002231318936167,1.5032359222794969
STU_0349,-0.7755806179691672,-1.4413968343180694,-0.25351484675022434
STU_0350,-0.2367670384220603,-0.2833130466807674,1.5032359222794969
STU_0351,0.312611513273027,-1.250503902289943,1.5032359222794969
STU_0352,1.5487132545869764,-1.8868136757170304,0.9176523326029232
STU_0353,0.8936849814120629,0.49298487690027976,0.3320687429263494
STU_0354,-0.18394217768214796,0.7220563953340312,0.9176523326029232
STU_0355,-0.03603256761039426,-0.6396465197999366,-0.25351484675022434
STU_0356,-1.0713998381126761,-2.688563990235162,0.3320687429263494
STU_0357,-0.03603256761039426,-0.6141941288628544,-1.424682026103372
STU_0358,-0.32128681560592126,0.3402705312777782,-1.424682026103372
STU_0359,0.32317648542101035,-1.5559325935349442,-0.25351484675022434
STU_0360,-0.8917953115969738,0.1366514037811106,0.9176523326029232
STU_0361,0.5344759283806597,-0.06696772371555698,-0.8390984364267982
STU_0362,1.6015381153268886,0.5311634633059047,-0.25351484675022434
STU_0363,-0.1311173169422356,0.07302042643840174,0.3320687429263494
STU_0364,0.4076962626048698,-1.0468847747932735,0.3320687429263494
STU_0365,0.7140804548963621,1.1674732367329932,1.5032359222794969
STU_0366,-0.4375015092337278,-0.21968206933805856,-1.424682026103372
STU_0367,0.21752676394118564,-0.07969391918409983,0.3320687429263494
STU_0368,-0.004337651166447146,-1.0087061883876485,-0.25351484675022434
STU_0369,0.0907470981653957,-0.4996583696459778,0.3320687429263494
STU_0370,-0.8284054787090795,-0.9578014065134808,-0.25351484675022434
STU_0371,0.006227320981536226,-0.2324082648066014,-0.8390984364267982
STU_0372,0.5133459840846946,1.6892472509432066,1.5032359222794969
STU_0373,1.5170183381430293,-1.4541230297866103,-1.424682026103372
STU_0374,0.9993347028918875,-1.6959207436889039,0.3320687429263494
STU_0375,2.256566388501802,1.4474495370409124,-0.25351484675022434
STU_0376,-0.8284054787090795,-0.27058685121222636,0.9176523326029232
STU_0377,0.9042499535600462,-0.7414560835482722,-1.424682026103372
STU_0378,0.17526687534925517,1.0020326956419505,-0.8390984364267982
STU_0379,2.298826277093733,-0.6650989107370204,-0.25351484675022434
STU_0380,-0.8706653673010093,1.8037830101600816,1.5032359222794969
STU_0381,-0.9023602837449564,0.6329730270542403,1.5032359222794969
STU_0382,-0.6488009521933773,-0.5505631515201456,-0.8390984364267982
STU_0383,-2.254676718686713,2.1473902878107096,-0.8390984364267982
STU_0384,-0.5748461471574997,-0.6650989107370204,1.5032359222794969
STU_0385,-0.817840506561097,0.6966040043969491,0.3320687429263494
STU_0386,0.14357195890530805,0.2511871629979872,0.3320687429263494
STU_0387,0.3443064297169756,1.2692828004813286,-0.25351484675022434
STU_0388,1.9713121405062752,1.536532905320705,0.9176523326029232
STU_0389,0.9887697307439057,-0.016062941841390992,-0.25351484675022434
STU_0390,-0.627671007897412,-0.8178132563595221,0.9176523326029232
STU_0391,-0.9657501166328514,0.4166277040890298,-0.8390984364267982
STU_0392,0.5027810119367127,-0.7414560835482722,-1.424682026103372
STU_0393,-1.4094789468481155,1.994675942188208,-0.25351484675022434
STU_0394,1.9184872797663628,0.0857466219069428,-0.25351484675022434
STU_0395,1.2317640901475022,-0.42330119683472794,0.9176523326029232
STU_0396,-0.5114563142696055,0.1366514037811106,-0.8390984364267982
STU_0397,-1.8215128606194317,-1.4286706388495265,-0.8390984364267982
STU_0398,1.4113686166632045,-1.0468847747932735,0.9176523326029232
STU_0399,-0.1311173169422356,1.1674732367329932,-0.8390984364267982
STU_0400,1.295153923035398,-0.7287298880797293,1.5032359222794969
STU_0401,-1.6947331948436417,-1.1232419476045252,0.3320687429263494
STU_0402,-0.6488009521933773,0.49298487690027976,1.5032359222794969
STU_0403,-0.004337651166447146,1.154747041264452,-1.424682026103372
STU_0404,0.03792223742548334,0.6838778089284062,-0.25351484675022434
STU_0405,-0.4903263699736402,0.9638541092363255,-1.424682026103372
STU_0406,0.6401256498604845,-0.8305394518280631,-0.25351484675022434
STU_0407,-1.1453546431485537,-1.5050278116607774,0.3320687429263494
STU_0408,-0.1628122333861842,1.4729019279779962,-0.8390984364267982
STU_0409,0.11187704246136093,-0.3851226104291012,1.5032359222794969
STU_0410,0.5239109562326764,-0.3087654376178513,0.9176523326029232
STU_0411,0.7352103991923258,1.2947351914184109,1.5032359222794969
STU_0412,-1.198179503888466,0.5057110723688226,0.3320687429263494
STU_0413,-1.6313433619557467,0.403901508620487,-1.424682026103372
STU_0414,1.3374138116273269,2.1473902878107096,0.9176523326029232
STU_0415,0.3337414575689922,-0.7032774971426454,-0.8390984364267982
STU_0416,-0.8072755344131143,0.8874969364250757,0.3320687429263494
STU_0417,1.622668059622854,0.009389449095692904,0.9176523326029232
STU_0418,0.11187704246136093,0.21300857659236047,0.3320687429263494
STU_0419,1.2317640901475022,-0.016062941841390992,0.3320687429263494
STU_0420,0.059052181721448584,0.46753248596319585,-0.8390984364267982
STU_0421,2.1614816391699594,-0.016062941841390992,-0.25351484675022434
STU_0422,1.8445324747304852,1.0402112820475753,0.9176523326029232
STU_0423,-0.2790269270139908,-0.42330119683472794,-0.8390984364267982
STU_0424,1.009899675039871,-0.9068966246393148,0.3320687429263494
STU_0425,0.6718205663044315,-1.1232419476045252,-0.8390984364267982
STU_0426,1.4324985609591698,-2.0522542168080737,-0.25351484675022434
STU_0427,-1.0291399495207463,2.032854528593835,1.5032359222794969
STU_0428,0.7140804548963621,-1.1741467294786911,0.9176523326029232
STU_0429,1.1049844243717122,-0.2833130466807674,-0.25351484675022434
STU_0430,-1.874337721359344,-0.3342178285549352,-1.424682026103372
STU_0431,-1.2615693367763603,0.26391335846652825,0.9176523326029232
STU_0432,-2.170156941502853,0.772961177208199,-0.25351484675022434
STU_0433,-0.30015687130995605,0.8238659590823668,0.3320687429263494
STU_0434,0.7457753713403091,-0.6523727152684794,0.9176523326029232
STU_0435,1.5698431988829415,-0.21968206933805856,0.9176523326029232
STU_0436,0.059052181721448584,0.23846096752944437,-0.8390984364267982
STU_0437,1.7071878368067135,-0.3087654376178513,0.3320687429263494
STU_0438,-1.4728687797360096,1.5874376871948728,-1.424682026103372
STU_0439,-1.8109478884714492,0.44208009502611373,1.5032359222794969
STU_0440,-0.07829245620232324,0.6966040043969491,-0.25351484675022434
STU_0441,0.3865663183089046,0.6202468315856974,-0.8390984364267982
STU_0442,-0.046597539758376126,1.142020845795911,-0.25351484675022434
STU_0443,-2.2018518579468007,0.12392520831256953,-1.424682026103372
STU_0444,-0.10998737264627186,-1.3777658569753606,-1.424682026103372
STU_0445,-1.3883490025521503,0.352996726746321,0.9176523326029232
STU_0446,0.6929505106003968,-0.7160036926111882,-1.424682026103372
STU_0447,0.3760013461609227,-0.5887417379257706,-0.25351484675022434
STU_0448,-1.0080100052247811,0.5438896587744475,0.3320687429263494
STU_0449,-0.5537162028615344,1.2056518231386197,0.3320687429263494
STU_0450,-1.1347896710005712,-0.028789137309932038,0.9176523326029232
STU_0451,-0.07829245620232324,0.26391335846652825,1.5032359222794969
STU_0452,0.9993347028918875,-0.016062941841390992,-0.25351484675022434
STU_0453,-1.0608348659646936,0.18755618565527837,-0.25351484675022434
STU_0454,0.5133459840846946,2.5928071292096715,-1.424682026103372
STU_0455,-0.5748461471574997,0.5184372678373637,-0.25351484675022434
STU_0456,-0.849535423005044,-1.8486350893114054,-0.8390984364267982
STU_0457,-0.1311173169422356,0.7093301998654902,1.5032359222794969
STU_0458,-1.1136597267046058,0.3275443358092371,-1.424682026103372
STU_0459,-0.5959760914534649,1.2565566050127859,-0.8390984364267982
STU_0460,-1.2826992810723254,0.6329730270542403,0.9176523326029232
STU_0461,2.0558319176901345,-0.19422967840097466,0.3320687429263494
STU_0462,0.02735726527750147,-1.3014086841641088,0.9176523326029232
STU_0463,-0.754450673673202,-0.27058685121222636,0.3320687429263494
STU_0464,0.20696179179320226,-0.9196228201078558,0.9176523326029232
STU_0465,-0.1311173169422356,-0.6396465197999366,-0.25351484675022434
STU_0466,-0.24733201057004367,0.5438896587744475,-0.8390984364267982
STU_0467,0.6295606777125011,1.6510686645375816,0.3320687429263494
STU_0468,0.7880352599322382,0.352996726746321,-1.424682026103372
STU_0469,-0.5748461471574997,-1.275956293227025,-0.8390984364267982
STU_0470,-0.627671007897412,0.403901508620487,-1.424682026103372
STU_0471,-0.3107218434579379,1.1674732367329932,-0.8390984364267982
STU_0472,-2.4448462173503973,-0.6778251062055632,-0.8390984364267982
STU_0473,-1.6207783898077648,-0.19422967840097466,0.9176523326029232
STU_0474,1.4324985609591698,-0.04151533277847489,0.3320687429263494
STU_0475,1.7177528089546967,-0.855991842765147,0.3320687429263494
STU_0476,-0.2790269270139908,0.6075206361171563,-0.8390984364267982
STU_0477,0.597865761268554,-0.18150348293243362,-0.25351484675022434
STU_0478,0.312611513273027,-0.016062941841390992,-0.25351484675022434
STU_0480,1.168374257259608,-0.4996583696459778,-1.424682026103372
STU_0481,-0.15224726123820084,0.6838778089284062,0.9176523326029232
STU_0482,-1.0291399495207463,-0.436027392303269,-0.8390984364267982
STU_0483,-1.7158631391396069,1.7019734464117477,-1.424682026103372
STU_0484,0.1963968196452204,-0.4614797832403529,-1.424682026103372
STU_0485,-0.817840506561097,0.17482999018673553,1.5032359222794969
STU_0486,-1.5151286683279401,0.9002231318936167,-0.8390984364267982
STU_0487,-0.7016258129332896,-1.4923016161922353,0.9176523326029232
STU_0488,-1.1559196152965356,-1.8486350893114054,-1.424682026103372
STU_0489,1.7705776696946092,-1.606837375409112,0.9176523326029232
STU_0490,0.9148149257080281,1.231104214075702,0.3320687429263494
STU_0491,-0.025467595462410886,-0.6141941288628544,0.9176523326029232
STU_0492,1.5487132545869764,2.5546285428040467,-0.25351484675022434
STU_0493,0.06961715386943045,-0.6269203243313956,-0.25351484675022434
STU_0494,-0.9234902280409216,0.1366514037811106,0.9176523326029232
STU_0495,1.590973143178907,1.5110805143836212,-0.25351484675022434
STU_0496,0.555605872676625,1.981949746719667,0.3320687429263494
STU_0497,-1.1136597267046058,2.045580724062376,-0.8390984364267982
STU_0498,-0.21563709412609655,-0.016062941841390992,-0.25351484675022434
STU_0499,-0.9446201723368861,0.9893065001734094,-0.25351484675022434
STU_0500,-1.4728687797360096,0.5438896587744475,0.9176523326029232
STU_0501,0.9676397864479405,0.734782590802574,0.3320687429263494
STU_0502,2.0030070569502225,-0.6141941288628544,-0.8390984364267982
STU_0503,-1.493998724031975,-0.8814442337022309,0.9176523326029232
STU_0504,0.5767358169725888,-0.05424152824701593,0.9176523326029232
STU_0505,-0.7016258129332896,-0.2324082648066014,1.5032359222794969
STU_0506,-0.5325862585655707,-0.5123845651145189,0.3320687429263494
STU_0507,-0.6382359800453954,0.6584254179913224,-0.8390984364267982
STU_0508,-0.9234902280409216,0.9129493273621577,0.3320687429263494
STU_0509,0.03792223742548334,0.0348418400327768,-0.8390984364267982
STU_0510,-0.8917953115969738,1.4474495370409124,0.3320687429263494
STU_0511,0.270351624681098,-1.2123253158843161,0.9176523326029232
STU_0512,-0.06772748405434137,-0.24513446027514246,0.9176523326029232
STU_0513,-0.26846195486600893,-0.7796346699538971,-1.424682026103372
STU_0514,-0.9763150887808341,-1.9504446530597392,-0.25351484675022434
STU_0515,-0.627671007897412,-0.1433248965268087,1.5032359222794969
STU_0516,0.7880352599322382,-0.18150348293243362,0.3320687429263494
STU_0517,0.5133459840846946,1.4856281234465374,1.5032359222794969
STU_0518,-1.0502698938167108,0.5820682451800725,-1.424682026103372
STU_0519,0.0907470981653957,-1.0977895566674414,-0.25351484675022434
STU_0520,0.7774702877842563,1.8292354010971654,0.3320687429263494
STU_0521,-1.7792529720275019,1.192925627670077,-0.8390984364267982
STU_0522,0.555605872676625,0.5438896587744475,-0.25351484675022434
STU_0523,-0.7121907850812722,-0.2833130466807674,0.9176523326029232
STU_0524,0.5873007891205722,-1.0341585793247325,-1.424682026103372
STU_0525,-0.817840506561097,-0.436027392303269,-0.25351484675022434
STU_0526,-1.9165976099512738,1.0529374775161182,-0.25351484675022434
STU_0527,-1.7369930834355714,1.8674139875027904,0.9176523326029232
STU_0528,0.03792223742548334,1.5110805143836212,0.3320687429263494
STU_0529,0.2597866525331146,-0.5505631515201456,-0.8390984364267982
STU_0530,-0.9657501166328514,-0.016062941841390992,0.9176523326029232
STU_0531,0.6612555941564497,0.0857466219069428,-0.8390984364267982
STU_0532,-1.7686879998795193,-1.8486350893114054,0.3320687429263494
STU_0533,-0.0888574283503066,0.27663955393506934,-0.25351484675022434
STU_0534,-1.293264253220308,-0.20695587386951753,-0.8390984364267982
STU_0535,-0.7016258129332896,-0.5251107605830617,-1.424682026103372
STU_0536,0.03792223742548334,-1.6831945482203619,-1.424682026103372
STU_0537,-0.9234902280409216,0.46753248596319585,0.9176523326029232
STU_0538,-0.4163715649377626,-0.6014679333943116,0.3320687429263494
STU_0539,1.0521595636318,-1.250503902289943,0.9176523326029232
STU_0540,-0.627671007897412,-2.9812664860116227,0.9176523326029232
STU_0541,0.8725550371160992,-0.07969391918409983,1.5032359222794969
STU_0542,-1.2087444760364479,1.7528782282859154,0.9176523326029232
STU_0543,0.5450409005286416,1.638342469069039,1.5032359222794969
STU_0544,1.5064533659950474,-0.5251107605830617,-1.424682026103372
STU_0545,-2.6244507438660998,-0.6650989107370204,-1.424682026103372
STU_0546,-0.8601003951530267,0.4293538995575709,0.9176523326029232
STU_0547,0.597865761268554,-1.0723371657303573,-1.424682026103372
STU_0548,-0.22620206627407843,0.2511871629979872,0.3320687429263494
STU_0549,0.3760013461609227,0.7220563953340312,1.5032359222794969
STU_0550,-0.6488009521933773,1.192925627670077,1.5032359222794969
STU_0551,0.08018212601741383,-0.016062941841390992,0.9176523326029232
STU_0552,-0.18394217768214796,-0.2578606557436835,-1.424682026103372
STU_0553,1.2211991179995203,-0.9450752110449397,-0.8390984364267982
STU_0554,0.24922168038513276,-0.8941704291707719,1.5032359222794969
STU_0555,0.3443064297169756,-0.2833130466807674,0.9176523326029232
STU_0556,-0.44806648138170974,0.31481814034069605,0.9176523326029232
STU_0557,-0.5325862585655707,0.8747707409565327,0.3320687429263494
STU_0558,-0.46919642567767494,-0.8687180382336899,-0.25351484675022434
STU_0559,0.39713129045688794,1.460175732509455,-0.25351484675022434
STU_0560,-0.4586314535296931,-0.3342178285549352,1.5032359222794969
STU_0561,0.29148156897706323,-0.07969391918409983,0.3320687429263494
STU_0562,2.1826115834659245,-0.8178132563595221,0.3320687429263494
STU_0563,0.9042499535600462,-2.523123449144119,0.3320687429263494
STU_0564,-0.36354670419785023,0.8493183500194489,1.5032359222794969
STU_0565,1.2528940344434676,0.6966040043969491,-0.25351484675022434
STU_0566,-0.44806648138170974,-0.34694402402347624,0.3320687429263494
STU_0567,-2.170156941502853,0.009389449095692904,-1.424682026103372
STU_0568,-1.0819648102606587,-0.016062941841390992,0.9176523326029232
STU_0569,-1.9905524149871514,-1.6450159618147369,0.9176523326029232
STU_0570,-0.3846766484938155,-0.5887417379257706,-0.8390984364267982
STU_0571,0.006227320981536226,0.760234981739658,-0.8390984364267982
STU_0572,1.7600126975466257,-1.3268610751011927,1.5032359222794969
STU_0573,0.3337414575689922,0.23846096752944437,1.5032359222794969
STU_0574,-0.24733201057004367,-1.4413968343180694,0.9176523326029232
STU_0575,0.8619900649681158,0.4166277040890298,-1.424682026103372
STU_0576,-2.349761468018555,-0.09242011465264088,-0.25351484675022434
STU_0577,0.23865670823715088,-1.6959207436889039,-0.25351484675022434
STU_0578,0.7986002320802216,1.1292946503273682,1.5032359222794969
STU_0579,-1.5785185012158345,-0.016062941841390992,-1.424682026103372
STU_0580,1.1895042015555732,-0.8814442337022309,1.5032359222794969
STU_0581,0.3443064297169756,0.14937759924965163,-0.25351484675022434
STU_0582,-0.4586314535296931,1.116568454858827,1.5032359222794969
STU_0583,0.6506906220084664,-1.0850633611988985,0.3320687429263494
STU_0584,2.383346054277592,0.009389449095692904,1.5032359222794969
STU_0585,0.17526687534925517,0.3784491176834049,0.9176523326029232
STU_0586,0.24922168038513276,0.6456992225227813,1.5032359222794969
STU_0587,-0.5008913421216221,0.12392520831256953,0.9176523326029232
STU_0588,-0.912925255892939,-0.42330119683472794,-1.424682026103372
STU_0589,0.8619900649681158,-0.8941704291707719,-0.25351484675022434
STU_0590,-0.9234902280409216,0.0348418400327768,-0.8390984364267982
STU_0591,0.059052181721448584,-1.1486943385416073,-0.8390984364267982
STU_0592,-0.5220212864175873,-3.0321712678857895,-0.25351484675022434
STU_0593,0.4922160397887293,0.3911753131519459,-0.8390984364267982
STU_0594,0.3337414575689922,0.8620445454879917,1.5032359222794969
STU_0595,1.0838544800757486,-2.45949247180141,-1.424682026103372
STU_0596,-0.5537162028615344,-1.0850633611988985,-1.424682026103372
STU_0597,-0.30015687130995605,0.5820682451800725,-0.25351484675022434
STU_0598,-1.0502698938167108,2.045580724062376,-0.8390984364267982
STU_0599,-0.47976139782565835,-0.028789137309932038,1.5032359222794969
STU_0600,0.3865663183089046,-0.7923608654224381,-1.424682026103372
STU_0601,0.7880352599322382,-0.24513446027514246,-1.424682026103372
STU_0602,-0.9868800609288166,1.3456399732925786,0.3320687429263494
STU_0603,0.9042499535600462,-0.7160036926111882,0.3320687429263494
STU_0604,1.4219335888111864,-0.8687180382336899,-1.424682026103372
STU_0605,0.4182612347528517,-0.5505631515201456,-0.25351484675022434
STU_0606,1.9713121405062752,-1.0214323838561896,0.9176523326029232
STU_0607,-0.8284054787090795,0.07302042643840174,0.9176523326029232
STU_0608,-1.3249591696642553,1.600163882663414,1.5032359222794969
STU_0609,-1.8954676656553084,0.27663955393506934,-1.424682026103372
STU_0610,1.5698431988829415,-0.3087654376178513,-1.424682026103372
STU_0611,0.6718205663044315,-0.34694402402347624,-1.424682026103372
STU_0612,-0.07829245620232324,-1.6450159618147369,-0.25351484675022434
STU_0613,0.2809165968290799,0.8493183500194489,0.3320687429263494
STU_0614,-1.2087444760364479,-0.13059870105826582,-1.424682026103372
STU_0615,2.5735155529412763,-0.2324082648066014,-1.424682026103372
STU_0616,0.1224420146093428,3.190938316231135,-0.8390984364267982
STU_0617,0.10131207031337756,0.2511871629979872,-0.25351484675022434
STU_0618,0.756340343488291,-0.8178132563595221,1.5032359222794969
STU_0619,0.4922160397887293,-0.4869321741774368,-1.424682026103372
STU_0620,0.21752676394118564,1.116568454858827,-0.8390984364267982
STU_0621,-0.849535423005044,0.0602942309698607,0.9176523326029232
STU_0622,0.4816510676407474,-1.5177540071293192,1.5032359222794969
STU_0623,1.9713121405062752,0.8874969364250757,-1.424682026103372
STU_0624,1.4113686166632045,-0.7287298880797293,-1.424682026103372
STU_0625,1.6649279482147845,1.8546877920342493,-0.8390984364267982
STU_0626,-0.5537162028615344,-0.016062941841390992,-0.25351484675022434
STU_0627,-1.0608348659646936,-0.5123845651145189,-1.424682026103372
STU_0628,-0.15224726123820084,1.2438304095442447,0.9176523326029232
STU_0629,0.04848720957346521,0.009389449095692904,-1.424682026103372
STU_0630,1.1366793408156608,0.8111397636138239,0.9176523326029232
STU_0631,-1.8003829163234664,0.44208009502611373,1.5032359222794969
STU_0632,1.6015381153268886,-0.9196228201078558,1.5032359222794969
STU_0633,-0.18394217768214796,-0.7032774971426454,0.3320687429263494
STU_0634,-0.46919642567767494,0.9893065001734094,0.3320687429263494
STU_0635,-1.0819648102606587,-0.39784880589764404,0.9176523326029232
STU_0636,-1.7581230277315367,-0.4614797832403529,-0.25351484675022434
STU_0637,0.8514250928201339,-1.0214323838561896,-1.424682026103372
STU_0638,0.059052181721448584,0.3784491176834049,-1.424682026103372
STU_0639,-1.3777840304041675,2.045580724062376,0.3320687429263494
STU_0640,-1.3883490025521503,-1.1359681430730661,0.9176523326029232
STU_0641,-0.37411167634583364,-0.028789137309932038,-1.424682026103372
STU_0642,1.749447725398644,1.3838185596982036,-1.424682026103372
STU_0643,-0.28959189916197264,-0.13059870105826582,-0.25351484675022434
STU_0644,-1.5996484455117996,0.403901508620487,-0.8390984364267982
STU_0645,-0.2790269270139908,-1.1359681430730661,0.3320687429263494
STU_0646,-0.30015687130995605,0.3784491176834049,0.3320687429263494
STU_0648,-0.06772748405434137,0.9511279137677845,-1.424682026103372
STU_0649,-0.2578969827180255,1.154747041264452,-0.25351484675022434
STU_0650,0.724645427044344,2.5800809337411303,-0.25351484675022434
STU_0651,1.9396172240623282,0.5311634633059047,0.3320687429263494
STU_0652,1.17893922940759,0.27663955393506934,-0.25351484675022434
STU_0653,-0.30015687130995605,0.14937759924965163,1.5032359222794969
STU_0654,-1.1876145317404834,-0.4105750013661851,-0.8390984364267982
STU_0655,2.7002952187170663,0.28936574940361215,-1.424682026103372
STU_0656,0.04848720957346521,-0.3596702194920191,1.5032359222794969
STU_0657,-0.004337651166447146,0.11119901284402668,-0.8390984364267982
STU_0658,-0.03603256761039426,1.2820089959498697,0.9176523326029232
STU_0659,0.1963968196452204,-1.0850633611988985,0.3320687429263494
STU_0660,-0.1628122333861842,1.1038422593902841,-0.25351484675022434
STU_0661,-0.6171060357494301,1.2820089959498697,0.9176523326029232
STU_0662,-0.5959760914534649,-0.16877728746389256,-0.25351484675022434
STU_0663,-0.046597539758376126,-2.2176947578991166,1.5032359222794969
STU_0664,-0.5854111193054831,-0.6778251062055632,-1.424682026103372
STU_0665,-0.7650156458211846,1.2692828004813286,-1.424682026103372
STU_0666,0.10131207031337756,-0.016062941841390992,-1.424682026103372
STU_0667,-0.2790269270139908,-1.0723371657303573,-0.25351484675022434
STU_0668,1.5698431988829415,-0.5632893469886867,0.9176523326029232
STU_0670,1.1366793408156608,0.5057110723688226,0.9176523326029232
STU_0671,1.3057188951833798,-0.29603924214931027,-0.25351484675022434
STU_0672,-2.2018518579468007,-0.42330119683472794,1.5032359222794969
STU_0673,-0.37411167634583364,-0.44875358777181,0.9176523326029232
STU_0674,-0.40580659278978076,-0.9959799929191075,1.5032359222794969
STU_0675,-1.5045636961799576,1.5874376871948728,-0.25351484675022434
STU_0676,-0.8389704508570615,-0.3851226104291012,-0.25351484675022434
STU_0677,-1.1876145317404834,1.180199432201536,0.3320687429263494
STU_0678,1.8339675025825033,1.49835431891508,-0.25351484675022434
STU_0679,0.9782047585959238,0.9638541092363255,-0.25351484675022434
STU_0680,1.3268488394793452,-0.4996583696459778,-0.8390984364267982
STU_0681,0.7457753713403091,0.352996726746321,-1.424682026103372
STU_0682,-1.2087444760364479,-0.07969391918409983,0.3320687429263494
STU_0683,-0.5642811750095178,-0.9705276019820236,0.3320687429263494
STU_0684,0.5027810119367127,0.27663955393506934,0.3320687429263494
STU_0685,-1.3038292253682908,-1.250503902289943,-0.8390984364267982
STU_0686,0.7352103991923258,1.154747041264452,1.5032359222794969
STU_0687,-0.26846195486600893,-0.5251107605830617,-0.25351484675022434
STU_0688,-0.40580659278978076,0.14937759924965163,-1.424682026103372
STU_0689,0.7352103991923258,0.23846096752944437,0.9176523326029232
STU_0690,0.4499561511968003,-0.32149163308639234,1.5032359222794969
STU_0691,-0.39524162064179735,0.5438896587744475,-0.25351484675022434
STU_0692,1.210634145851537,-0.5378369560516028,-0.8390984364267982
STU_0693,-1.1559196152965356,0.8365921545509079,-0.25351484675022434
STU_0694,0.6401256498604845,-1.4286706388495265,-0.25351484675022434
STU_0695,0.6084307334165374,0.07302042643840174,-0.8390984364267982
STU_0696,-0.342416759901885,1.918318769376958,0.3320687429263494
STU_0697,0.3337414575689922,-1.0723371657303573,0.3320687429263494
STU_0698,-1.3355241418122379,-0.7414560835482722,-1.424682026103372
STU_0699,0.9570748142999586,0.46753248596319585,-1.424682026103372
STU_0700,-0.2050721219781132,0.12392520831256953,0.3320687429263494
STU_0701,-0.5642811750095178,-0.016062941841390992,1.5032359222794969
STU_0702,1.0944194522237305,0.44208009502611373,0.9176523326029232
STU_0703,-0.754450673673202,0.5947944406486135,-0.25351484675022434
STU_0704,-1.5045636961799576,1.078389868453202,0.9176523326029232
STU_0705,-1.6630382783996946,-0.016062941841390992,-0.25351484675022434
STU_0706,0.6295606777125011,-0.29603924214931027,0.3320687429263494
STU_0707,-1.367219058256185,0.6329730270542403,-1.424682026103372
STU_0708,1.8339675025825033,1.8801401829713331,1.5032359222794969
STU_0709,-2.212416830094783,-0.19422967840097466,-1.424682026103372
STU_0710,1.781142641842591,-1.0468847747932735,0.9176523326029232
STU_0711,0.20696179179320226,1.078389868453202,-1.424682026103372
STU_0712,-0.12055234479425372,-0.18150348293243362,0.3320687429263494
STU_0713,-0.5854111193054831,-2.2685995397732834,1.5032359222794969
STU_0714,0.4076962626048698,0.8111397636138239,0.9176523326029232
STU_0715,-0.0571625119063595,-0.6014679333943116,1.5032359222794969
STU_0716,1.1472443129636427,-0.1433248965268087,-0.25351484675022434
STU_0717,0.10131207031337756,0.28936574940361215,-1.424682026103372
STU_0718,0.14357195890530805,0.1366514037811106,1.5032359222794969
STU_0719,-0.39524162064179735,0.6711516134598652,-0.8390984364267982
STU_0720,-0.07829245620232324,-0.4996583696459778,-1.424682026103372
STU_0721,0.312611513273027,0.46753248596319585,-0.25351484675022434
STU_0722,-1.8215128606194317,-0.32149163308639234,1.5032359222794969
STU_0723,-1.4411738632920625,0.6966040043969491,0.9176523326029232
STU_0724,0.7669053156362744,0.5693420497115315,-0.25351484675022434
STU_0725,0.1647019032012733,-1.0087061883876485,-0.8390984364267982
STU_0726,-0.2050721219781132,1.0529374775161182,1.5032359222794969
STU_0727,0.006227320981536226,-0.6014679333943116,0.3320687429263494
STU_0728,0.35487140186495747,0.772961177208199,-1.424682026103372
STU_0729,-0.5854111193054831,0.31481814034069605,0.9176523326029232
STU_0730,-0.8389704508570615,1.8165092056286243,0.3320687429263494
STU_0731,0.1963968196452204,-0.2833130466807674,1.5032359222794969
STU_0732,-1.0502698938167108,-0.4105750013661851,1.5032359222794969
STU_0733,0.4182612347528517,-0.07969391918409983,-0.25351484675022434
STU_0734,-1.8109478884714492,-0.3596702194920191,1.5032359222794969
STU_0735,1.0732895079277651,0.760234981739658,0.9176523326029232
STU_0736,0.4816510676407474,-1.6959207436889039,0.3320687429263494
STU_0737,0.2597866525331146,-1.1232419476045252,0.9176523326029232
STU_0738,1.020464647187853,-1.1359681430730661,-0.8390984364267982
STU_0739,1.749447725398644,-0.016062941841390992,-0.8390984364267982
STU_0740,1.0521595636318,1.6892472509432066,-1.424682026103372
STU_0741,-1.9588574985432035,-0.15605109199534972,-1.424682026103372
STU_0742,-1.367219058256185,-0.2324082648066014,-0.8390984364267982
STU_0743,-0.6699308964893425,0.022115644564233948,1.5032359222794969
STU_0744,0.016792293129518097,1.1292946503273682,0.9176523326029232
STU_0745,0.5344759283806597,-0.9959799929191075,-0.8390984364267982
STU_0746,-0.7861455901171491,0.18755618565527837,-1.424682026103372
STU_0747,0.18583184749723852,0.9384017182992416,-0.8390984364267982
STU_0748,-0.817840506561097,0.45480629049465476,1.5032359222794969
STU_0749,-0.6593659243413599,0.1366514037811106,-0.8390984364267982
STU_0750,-1.5045636961799576,0.9638541092363255,0.9176523326029232
STU_0751,-0.9868800609288166,-2.803099749452038,0.3320687429263494
STU_0752,-1.4411738632920625,0.6329730270542403,1.5032359222794969
STU_0753,-1.0502698938167108,-0.7160036926111882,-1.424682026103372
STU_0754,1.0944194522237305,-0.016062941841390992,0.9176523326029232
STU_0755,-1.0185749773727637,0.46753248596319585,-0.8390984364267982
STU_0757,0.5027810119367127,-0.19422967840097466,0.3320687429263494
STU_0758,0.17526687534925517,0.9129493273621577,-1.424682026103372
STU_0759,-0.9234902280409216,1.5874376871948728,-1.424682026103372
STU_0760,0.724645427044344,1.2820089959498697,-0.25351484675022434
STU_0761,-0.627671007897412,1.612890078131955,-1.424682026103372
STU_0762,0.11187704246136093,-0.016062941841390992,0.3320687429263494
STU_0763,2.689730246569083,0.022115644564233948,-0.25351484675022434
STU_0764,-0.12055234479425372,-1.6831945482203619,-0.25351484675022434
STU_0765,1.2000691737035551,-0.3087654376178513,-0.8390984364267982
STU_0766,-0.754450673673202,-0.9068966246393148,-0.8390984364267982
STU_0767,-0.046597539758376126,2.1601164832792525,-1.424682026103372
STU_0768,1.8550974468784687,-0.2324082648066014,-0.25351484675022434
STU_0769,-0.6804958686373244,0.07302042643840174,-0.8390984364267982
STU_0770,1.8973573354703976,0.5057110723688226,0.3320687429263494
STU_0771,0.7352103991923258,-0.016062941841390992,-0.8390984364267982
STU_0772,-0.6065410636014468,1.676521055474664,1.5032359222794969
STU_0773,0.6506906220084664,-0.6905513016741044,1.5032359222794969
STU_0774,1.009899675039871,0.14937759924965163,-0.8390984364267982
STU_0775,0.6401256498604845,-0.805087060890981,-0.25351484675022434
STU_0776,-1.6736032505476772,-1.4032182479124427,-0.25351484675022434
STU_0777,-0.7861455901171491,-0.6778251062055632,0.9176523326029232
STU_0778,-0.2790269270139908,-0.09242011465264088,1.5032359222794969
STU_0779,-0.0888574283503066,-0.4869321741774368,0.3320687429263494
STU_0780,0.6401256498604845,-0.7541822790168132,-0.25351484675022434
STU_0781,0.17526687534925517,-1.4923016161922353,-1.424682026103372
STU_0782,-1.43060889114408,-0.1433248965268087,1.5032359222794969
STU_0783,0.3865663183089046,-1.581384984472028,0.3320687429263494
STU_0784,0.6295606777125011,0.7220563953340312,0.3320687429263494
STU_0785,0.5767358169725888,0.0348418400327768,-0.25351484675022434
STU_0786,1.1261143686676776,-1.5432063980664033,0.3320687429263494
STU_0787,0.8619900649681158,-0.37239641496056014,-0.25351484675022434
STU_0788,0.47108609549276403,-0.8178132563595221,-0.8390984364267982
STU_0789,-0.0888574283503066,0.27663955393506934,1.5032359222794969
STU_0790,-1.7686879998795193,1.3074613868869536,0.9176523326029232
STU_0791,0.4393911790488169,-1.963170848528281,-0.8390984364267982
STU_0792,0.20696179179320226,0.0602942309698607,1.5032359222794969
STU_0793,0.270351624681098,-0.016062941841390992,-0.25351484675022434
STU_0794,-1.367219058256185,0.6329730270542403,1.5032359222794969
STU_0795,-1.1559196152965356,0.16210379471819447,-0.25351484675022434
STU_0796,1.0944194522237305,-0.8178132563595221,-0.8390984364267982
STU_0797,-0.0571625119063595,-0.3851226104291012,-1.424682026103372
STU_0798,0.7035154827483787,-0.8687180382336899,-1.424682026103372
STU_0799,0.016792293129518097,1.0402112820475753,1.5032359222794969
STU_0800,0.016792293129518097,-0.028789137309932038,-1.424682026103372
STU_0801,0.9782047585959238,1.8801401829713331,-0.25351484675022434
STU_0802,-0.5642811750095178,-0.11787250558972477,0.3320687429263494
STU_0803,0.0907470981653957,-0.7796346699538971,-0.25351484675022434
STU_0804,-0.5008913421216221,-1.59411117994057,0.3320687429263494
STU_0805,-0.46919642567767494,-1.8868136757170304,-0.8390984364267982
STU_0806,-0.342416759901885,-1.670468352751821,0.9176523326029232
STU_0807,0.21752676394118564,0.21300857659236047,0.3320687429263494
STU_0808,-0.5220212864175873,0.46753248596319585,-1.424682026103372
STU_0809,1.3162838673313617,-1.657742157283279,-0.25351484675022434
STU_0810,-0.9551851444848688,0.8620445454879917,-0.8390984364267982
STU_0811,-0.21563709412609655,-0.5505631515201456,-1.424682026103372
STU_0812,-0.47976139782565835,0.09847281737548565,-0.8390984364267982
STU_0813,1.5170183381430293,1.5874376871948728,0.9176523326029232
STU_0814,0.1963968196452204,0.8620445454879917,-0.25351484675022434
STU_0815,1.0732895079277651,-0.32149163308639234,1.5032359222794969
STU_0816,-1.589083473363817,-0.9578014065134808,-0.25351484675022434
STU_0817,0.270351624681098,-2.2431471488362003,0.9176523326029232
STU_0818,0.9253798978560115,-0.7923608654224381,-0.25351484675022434
STU_0819,0.06961715386943045,-0.27058685121222636,1.5032359222794969
STU_0820,1.1155493965196956,-1.0596109702618164,0.3320687429263494
STU_0821,-0.5642811750095178,-0.19422967840097466,-0.8390984364267982
STU_0822,1.4747584495510988,0.022115644564233948,1.5032359222794969
STU_0823,2.4150409707215394,-0.2833130466807674,-1.424682026103372
STU_0824,-0.39524162064179735,-0.7160036926111882,0.9176523326029232
STU_0825,-0.4903263699736402,0.11119901284402668,0.3320687429263494
STU_0826,1.5170183381430293,0.3911753131519459,-1.424682026103372
STU_0827,1.654362976066801,-1.1614205340101502,-1.424682026103372
STU_0828,-0.5642811750095178,1.3838185596982036,0.9176523326029232
STU_0829,-0.4586314535296931,-0.15605109199534972,0.3320687429263494
STU_0830,-0.3107218434579379,-0.028789137309932038,-1.424682026103372
STU_0831,-1.43060889114408,0.6711516134598652,-1.424682026103372
STU_0832,-0.9868800609288166,0.18755618565527837,0.3320687429263494
STU_0833,-1.0713998381126761,0.9129493273621577,-0.25351484675022434
STU_0834,-0.8284054787090795,0.23846096752944437,-1.424682026103372
STU_0835,-0.046597539758376126,-0.6778251062055632,-0.8390984364267982
STU_0836,0.22809173608916752,0.31481814034069605,0.3320687429263494
STU_0837,1.622668059622854,-1.2123253158843161,-1.424682026103372
STU_0838,-1.0713998381126761,0.0602942309698607,0.9176523326029232
STU_0839,1.020464647187853,-0.09242011465264088,1.5032359222794969
STU_0840,-0.2367670384220603,-0.27058685121222636,-0.8390984364267982
STU_0841,-0.06772748405434137,-0.18150348293243362,1.5032359222794969
STU_0842,0.6929505106003968,-1.975897043996823,1.5032359222794969
STU_0843,-1.198179503888466,-0.6141941288628544,-1.424682026103372
STU_0844,0.3865663183089046,-0.016062941841390992,-0.8390984364267982
STU_0845,0.1647019032012733,0.11119901284402668,-0.8390984364267982
STU_0846,0.5027810119367127,-1.0977895566674414,-0.25351484675022434
STU_0847,0.29148156897706323,1.231104214075702,1.5032359222794969
STU_0848,2.584080525089258,-0.9323490155763987,-0.8390984364267982
STU_0849,-0.691060840785307,0.9384017182992416,-0.25351484675022434
STU_0850,-0.5748461471574997,-0.016062941841390992,0.3320687429263494
STU_0851,-0.6699308964893425,-0.7160036926111882,-0.25351484675022434
STU_0852,-0.6065410636014468,1.7528782282859154,0.9176523326029232
STU_0853,-0.691060840785307,-1.2632300977584838,-1.424682026103372
STU_0854,1.2423290622954857,-0.016062941841390992,0.3320687429263494
STU_0855,1.485323421699082,0.9638541092363255,0.3320687429263494
STU_0856,-0.6171060357494301,-0.7414560835482722,0.9176523326029232
STU_0857,-0.8917953115969738,1.3583661687611197,-0.25351484675022434
STU_0858,0.4816510676407474,-0.3087654376178513,-1.424682026103372
STU_0859,-0.5959760914534649,0.23846096752944437,-0.25351484675022434
STU_0860,0.6506906220084664,0.21300857659236047,-0.8390984364267982
STU_0861,0.1963968196452204,-0.19422967840097466,-0.25351484675022434
STU_0862,-1.6207783898077648,0.772961177208199,0.3320687429263494
STU_0863,1.622668059622854,0.747508786271115,-1.424682026103372
STU_0864,1.8867923633224157,-1.8359088938428634,-0.25351484675022434
STU_0865,-0.6593659243413599,1.2692828004813286,-1.424682026103372
STU_0866,-0.42693653708574597,-1.7468255255630707,-1.424682026103372
STU_0867,0.29148156897706323,1.0020326956419505,-0.8390984364267982
STU_0868,0.3337414575689922,1.0911160639217432,-0.8390984364267982
STU_0869,0.6823855384524135,-1.1614205340101502,0.3320687429263494
STU_0870,2.108656778430047,-0.4742059787088939,0.9176523326029232
STU_0871,-0.2050721219781132,-1.1741467294786911,-1.424682026103372
STU_0872,-0.8601003951530267,-0.27058685121222636,0.9176523326029232
STU_0873,-1.4728687797360096,-0.37239641496056014,0.3320687429263494
STU_0874,-0.7861455901171491,0.734782590802574,-1.424682026103372
STU_0875,-0.046597539758376126,1.2820089959498697,-1.424682026103372
STU_0876,1.8762273911744338,1.3710923642296624,1.5032359222794969
STU_0877,-0.5642811750095178,-0.6269203243313956,0.9176523326029232
STU_0878,0.21752676394118564,-0.27058685121222636,-0.25351484675022434
STU_0879,-0.03603256761039426,-1.7722779165001545,-0.8390984364267982
STU_0880,1.2423290622954857,-0.8687180382336899,-0.25351484675022434
STU_0881,2.6580353301251356,0.9256755228307005,0.9176523326029232
STU_0882,-0.5748461471574997,1.5874376871948728,-0.8390984364267982
STU_0883,-0.5325862585655707,-1.3141348796326517,-0.25351484675022434
STU_0884,1.0838544800757486,-0.6523727152684794,1.5032359222794969
STU_0885,0.7035154827483787,-0.07969391918409983,-0.8390984364267982
STU_0886,1.9396172240623282,0.22573477206090334,-1.424682026103372
STU_0887,0.597865761268554,-0.8814442337022309,-0.25351484675022434
STU_0888,-0.39524162064179735,0.3784491176834049,-0.8390984364267982
STU_0889,0.6084307334165374,-0.016062941841390992,1.5032359222794969
STU_0890,1.1578092851116246,-0.06696772371555698,-0.8390984364267982
STU_0891,0.8514250928201339,0.5057110723688226,-0.8390984364267982
STU_0892,0.5239109562326764,-0.04151533277847489,1.5032359222794969
STU_0893,1.1155493965196956,-0.016062941841390992,-0.25351484675022434
STU_0894,1.2211991179995203,-0.16877728746389256,0.3320687429263494
STU_0895,1.4430635331071517,-0.1433248965268087,-0.25351484675022434
STU_0896,0.6718205663044315,-0.436027392303269,0.9176523326029232
STU_0897,-0.19450714983013132,-0.32149163308639234,1.5032359222794969
STU_0898,0.14357195890530805,1.57471149172633,-0.25351484675022434
STU_0899,1.2634590065914493,0.5184372678373637,-0.8390984364267982
STU_0900,-0.8812303394489919,-0.3596702194920191,1.5032359222794969
STU_0901,0.3760013461609227,0.6584254179913224,-1.424682026103372
STU_0902,-0.42693653708574597,-0.39784880589764404,-0.25351484675022434
STU_0903,0.016792293129518097,1.142020845795911,1.5032359222794969
STU_0904,1.3374138116273269,0.3275443358092371,-0.25351484675022434
STU_0905,0.18583184749723852,-0.16877728746389256,1.5032359222794969
STU_0906,0.03792223742548334,0.403901508620487,-0.8390984364267982
STU_0907,-1.4517388354400451,-1.657742157283279,-1.424682026103372
STU_0908,0.7774702877842563,-1.199599120415775,-1.424682026103372
STU_0909,0.6718205663044315,-1.275956293227025,0.9176523326029232
STU_0910,2.2671313606497843,0.0857466219069428,1.5032359222794969
STU_0911,-0.342416759901885,1.7146996418802904,-0.25351484675022434
STU_0912,0.21752676394118564,2.2237474606219614,-1.424682026103372
STU_0913,0.24922168038513276,0.5947944406486135,-1.424682026103372
STU_0914,1.654362976066801,0.45480629049465476,0.3320687429263494
STU_0915,-0.12055234479425372,-1.8868136757170304,0.3320687429263494
STU_0916,0.2809165968290799,-0.6014679333943116,-1.424682026103372
STU_0917,0.6295606777125011,-0.855991842765147,1.5032359222794969
STU_0918,0.18583184749723852,-0.6905513016741044,0.9176523326029232
STU_0919,-0.4903263699736402,-0.21968206933805856,-1.424682026103372
STU_0920,0.18583184749723852,-0.5378369560516028,-0.8390984364267982
STU_0921,1.1155493965196956,-2.064980412276615,-0.25351484675022434
STU_0922,-1.1030947545566232,-0.016062941841390992,0.9176523326029232
STU_0923,0.1224420146093428,-1.1486943385416073,-0.8390984364267982
STU_0924,-0.754450673673202,0.18755618565527837,0.9176523326029232
STU_0925,1.2528940344434676,2.0583069195309167,-0.8390984364267982
STU_0926,-1.6207783898077648,-0.9959799929191075,-0.25351484675022434
STU_0927,-0.6065410636014468,-2.6249330128924533,-0.25351484675022434
STU_0928,0.3865663183089046,-0.016062941841390992,0.3320687429263494
STU_0929,1.6437980039188191,1.0656636729846594,1.5032359222794969
STU_0930,-0.0888574283503066,1.943771160314042,-0.8390984364267982
STU_0931,-0.6065410636014468,-1.3014086841641088,0.3320687429263494
STU_0932,1.9713121405062752,0.45480629049465476,-0.8390984364267982
STU_0933,-1.5468235847718872,-0.5251107605830617,0.3320687429263494
STU_0934,-2.3391964958705724,-0.15605109199534972,-0.25351484675022434
STU_0935,0.4499561511968003,2.643711911083839,0.9176523326029232
STU_0936,-0.5431512307135525,-1.581384984472028,0.3320687429263494
STU_0937,-1.0925297824086413,0.20028238112381944,-0.8390984364267982
STU_0938,0.7352103991923258,0.4166277040890298,-0.8390984364267982
STU_0939,0.23865670823715088,1.0529374775161182,1.5032359222794969
STU_0940,-0.6065410636014468,0.04756803550131785,-0.25351484675022434
STU_0941,-1.367219058256185,0.26391335846652825,-0.8390984364267982
STU_0942,0.9042499535600462,-0.44875358777181,-1.424682026103372
STU_0943,0.6718205663044315,0.22573477206090334,0.9176523326029232
STU_0944,-0.12055234479425372,-0.39784880589764404,0.3320687429263494
STU_0945,1.9396172240623282,0.5820682451800725,1.5032359222794969
STU_0946,-1.1453546431485537,-0.436027392303269,0.9176523326029232
STU_0947,-1.6313433619557467,0.3275443358092371,-0.25351484675022434
STU_0948,-0.7438857015252194,-0.07969391918409983,1.5032359222794969
STU_0949,-0.06772748405434137,1.0911160639217432,0.3320687429263494
STU_0950,0.23865670823715088,-0.10514631012118374,0.3320687429263494
STU_0951,-0.26846195486600893,-1.8613612847799474,-1.424682026103372
STU_0952,0.35487140186495747,1.231104214075702,-0.25351484675022434
STU_0953,-1.3355241418122379,-0.9705276019820236,1.5032359222794969
STU_0954,1.5064533659950474,-0.7160036926111882,1.5032359222794969
STU_0955,-0.09942240049828849,-0.6650989107370204,-0.8390984364267982
STU_0956,1.168374257259608,1.3456399732925786,-1.424682026103372
STU_0957,0.3443064297169756,-2.2304209533676587,-1.424682026103372
STU_0958,0.47108609549276403,3.140033534356967,1.5032359222794969
STU_0959,0.5873007891205722,1.0147588911104932,1.5032359222794969
STU_0960,0.4605211233447822,0.17482999018673553,0.9176523326029232
STU_0961,0.6612555941564497,-0.10514631012118374,0.9176523326029232
STU_0962,1.3902386723672393,0.23846096752944437,0.9176523326029232
STU_0963,0.1963968196452204,0.48025868143173867,-1.424682026103372
STU_0964,0.7352103991923258,0.6075206361171563,-0.8390984364267982
STU_0965,-0.10998737264627186,0.5057110723688226,0.3320687429263494
STU_0966,1.5064533659950474,0.0348418400327768,0.9176523326029232
STU_0967,-0.7333207293772367,-0.2578606557436835,-0.8390984364267982
STU_0968,1.8867923633224157,-0.20695587386951753,-0.25351484675022434
STU_0969,-0.0571625119063595,-0.2578606557436835,0.9176523326029232
STU_0970,-1.525693640475922,1.1038422593902841,0.3320687429263494
STU_0971,0.1224420146093428,0.5438896587744475,-0.25351484675022434
STU_0972,-0.7333207293772367,-3.0448974633543315,-0.25351484675022434
STU_0973,0.8725550371160992,0.6075206361171563,0.3320687429263494
STU_0974,-0.7016258129332896,0.14937759924965163,0.9176523326029232
STU_0975,-0.4903263699736402,-0.06696772371555698,-1.424682026103372
STU_0976,-2.0116823592831157,-0.44875358777181,0.3320687429263494
STU_0977,-0.4903263699736402,-0.016062941841390992,0.3320687429263494
STU_0978,-2.5716258831261873,0.9129493273621577,0.3320687429263494
STU_0979,-1.6841682226956591,-0.8432656472966059,-0.25351484675022434
STU_0980,0.7880352599322382,-0.016062941841390992,-0.8390984364267982
STU_0981,0.8197301763761867,-1.0468847747932735,-1.424682026103372
STU_0982,0.4393911790488169,-1.4541230297866103,0.9176523326029232
STU_0983,-1.039704921668729,-0.6905513016741044,0.9176523326029232
STU_0984,-0.06772748405434137,0.8238659590823668,-0.8390984364267982
STU_0985,-0.014902623314429016,0.9129493273621577,0.3320687429263494
STU_0986,-1.2404393924803958,0.46753248596319585,-1.424682026103372
STU_0987,1.5698431988829415,0.6838778089284062,0.9176523326029232
STU_0988,0.9148149257080281,0.46753248596319585,1.5032359222794969
STU_0989,-0.24733201057004367,-0.7032774971426454,0.9176523326029232
STU_0990,0.016792293129518097,0.3911753131519459,0.3320687429263494
STU_0991,0.20696179179320226,0.760234981739658,1.5032359222794969
STU_0992,-2.170156941502853,0.7093301998654902,-0.8390984364267982
STU_0993,-0.2790269270139908,1.154747041264452,-1.424682026103372
STU_0994,-0.7333207293772367,0.6711516134598652,-0.8390984364267982
STU_0995,-1.0713998381126761,0.3020919448721532,-0.8390984364267982
STU_0996,-0.3107218434579379,1.0402112820475753,-1.424682026103372
STU_0997,1.8867923633224157,-0.07969391918409983,-1.424682026103372
STU_0998,0.6612555941564497,-0.9578014065134808,0.9176523326029232
STU_0999,-0.6171060357494301,-0.21968206933805856,0.9176523326029232
STU_1000,0.5873007891205722,-0.8178132563595221,-1.424682026103372
